META_experiment,META_run,META_JobCycleCounter_global,META_CycleStart,META_CycleEnd,SET_CylinderTemperature,SET_HotRunner/Nozzle,SET_InjectionSpeed,SET_UP,SET_MoldTemperature,MEAS_EM77_BarrelTemperatureZone1,MEAS_EM77_BarrelTemperatureZone2,MEAS_EM77_BarrelTemperatureZone3,MEAS_EM77_BarrelTemperatureZone4,MEAS_EM77_BarrelTemperatureZone5,MEAS_EM77_BarrelTemperatureZone6,MEAS_EM77_CushionStroke,MEAS_EM77_CushionVolume,MEAS_EM77_CycleTime,MEAS_EM77_DosingTime,MEAS_EM77_FlowIndex,MEAS_EM77_HoldHydraulicPressureMaximum,MEAS_EM77_HoldSpecificPressureMaximum,MEAS_EM77_HydraulicPressureMaximum,MEAS_EM77_InjectionSpeedAverage,MEAS_EM77_InjectionSpeedMaximum,MEAS_EM77_InjectionTime,MEAS_EM77_PlastificationHydraulicPressureMaximum,MEAS_EM77_PlastificationRotationalSpeedMaximum,MEAS_EM77_PlastificationSpecificPressureMaximum,MEAS_EM77_SpecificPressureMaximum,MEAS_EM77_TransferSpecificPressure,MEAS_EM77_TransferStroke,MEAS_EM77_TransferVolume
1,1,688.0,688,692,220,220,50,13.5,60,66.0,205.0,210.0,218.0,220.0,220.0,9.9061,9.53,41920.0,12570.0,11873.0,1008056.0,1008.0,1152920.0,49.9,50.0,2000.0,570727.0,203.4,571.0,1153.0,1018.0,14.0162,13.48
1,2,689.0,688,692,220,220,50,13.5,60,66.0,205.0,210.0,218.0,220.0,220.0,9.8868,9.51,41920.0,12550.0,11873.0,1008523.0,1009.0,1152920.0,49.9,50.0,2000.0,571642.0,203.4,572.0,1153.0,1018.0,14.0162,13.48
1,3,690.0,688,692,220,220,50,13.5,60,66.0,205.0,210.0,218.0,220.0,220.0,9.8939,9.52,41920.0,12580.0,11872.0,1008056.0,1008.0,1152463.0,49.9,50.0,2000.0,571642.0,203.4,572.0,1152.0,1017.0,14.0164,13.49
1,4,691.0,688,692,220,220,50,13.5,60,67.0,205.0,210.0,218.0,220.0,220.0,9.8828,9.51,41910.0,12540.0,11871.0,1007141.0,1007.0,1151548.0,49.9,50.0,2000.0,571642.0,203.4,572.0,1152.0,1017.0,14.0163,13.49
2,1,703.0,703,707,220,220,75,13.5,60,68.0,205.0,210.0,218.0,220.0,220.0,9.8327,9.46,41260.0,12550.0,11427.0,944802.0,945.0,1273939.0,73.1,75.1,1370.0,571185.0,203.4,571.0,1274.0,953.0,14.0186,13.49
2,2,704.0,703,707,220,220,75,13.5,60,68.0,205.0,210.0,218.0,220.0,220.0,9.8174,9.45,41260.0,12580.0,11419.0,942047.0,942.0,1274407.0,73.1,75.0,1370.0,571642.0,203.4,572.0,1274.0,953.0,14.0186,13.49
2,3,705.0,703,707,220,220,75,13.5,60,68.0,205.0,210.0,218.0,220.0,220.0,9.8615,9.49,41250.0,12530.0,11417.0,944345.0,944.0,1270738.0,73.1,75.0,1370.0,571185.0,203.6,571.0,1271.0,955.0,14.0186,13.49
2,4,706.0,703,707,220,220,75,13.5,60,68.0,205.0,210.0,218.0,220.0,220.0,9.7906,9.42,41250.0,12510.0,11417.0,942047.0,942.0,1270280.0,73.1,75.1,1370.0,570727.0,203.4,571.0,1270.0,953.0,14.0186,13.49
3,1,716.0,716,720,220,220,100,13.5,60,69.0,205.0,210.0,218.0,220.0,220.0,9.7611,9.39,40920.0,12510.0,11167.0,899875.0,900.0,1416517.0,94.7,100.1,1060.0,571642.0,203.6,572.0,1417.0,910.0,14.0211,13.49
3,2,717.0,716,720,220,220,100,13.5,60,69.0,205.0,210.0,218.0,220.0,220.0,9.7561,9.39,40920.0,12580.0,11160.0,898960.0,899.0,1417432.0,94.6,100.1,1060.0,572099.0,203.4,572.0,1417.0,909.0,14.0211,13.49
3,3,718.0,716,720,220,220,100,13.5,60,69.0,205.0,210.0,218.0,220.0,220.0,9.7561,9.39,40920.0,12510.0,11160.0,899417.0,899.0,1417432.0,94.6,100.1,1060.0,571642.0,203.4,572.0,1417.0,909.0,14.0211,13.49
3,4,719.0,716,720,220,220,100,13.5,60,69.0,205.0,210.0,218.0,220.0,220.0,9.7649,9.39,40930.0,12490.0,11165.0,905374.0,905.0,1414677.0,94.6,100.1,1060.0,572099.0,203.4,572.0,1415.0,917.0,14.0212,13.49
4,1,731.0,731,735,230,230,50,13.5,60,71.0,214.0,220.0,226.0,229.0,230.0,9.3341,8.98,41860.0,12720.0,11731.0,927380.0,927.0,1063066.0,50.2,50.0,2000.0,569355.0,203.4,569.0,1063.0,936.0,14.0165,13.49
4,2,732.0,731,735,230,230,50,13.5,60,71.0,213.0,220.0,226.0,230.0,230.0,9.3341,8.98,41860.0,12690.0,11722.0,923253.0,923.0,1063066.0,50.2,50.0,2000.0,573482.0,203.4,573.0,1063.0,936.0,14.0165,13.49
4,3,733.0,731,735,230,230,50,13.5,60,71.0,214.0,220.0,227.0,230.0,230.0,9.2679,8.92,41850.0,12740.0,11718.0,920956.0,921.0,1056195.0,50.2,50.0,2000.0,573482.0,203.4,573.0,1056.0,929.0,14.0165,13.49
4,4,734.0,731,735,230,230,50,13.5,60,71.0,214.0,220.0,227.0,230.0,230.0,9.2679,8.92,41850.0,12800.0,11712.0,918669.0,919.0,1056195.0,50.2,50.0,2000.0,573482.0,203.4,573.0,1056.0,929.0,14.0165,13.49
5,1,744.0,744,748,230,230,75,13.5,60,72.0,215.0,220.0,227.0,231.0,230.0,9.1775,8.83,41220.0,12680.0,11311.0,863201.0,863.0,1116704.0,73.5,75.0,1370.0,573482.0,203.4,573.0,1117.0,873.0,14.019,13.49
5,2,745.0,744,748,230,230,75,13.5,60,72.0,215.0,220.0,227.0,231.0,230.0,9.2225,8.87,41220.0,12650.0,11311.0,864116.0,864.0,1114875.0,73.5,75.1,1370.0,573024.0,203.4,573.0,1115.0,874.0,14.019,13.49
5,3,746.0,744,748,230,230,75,13.5,60,72.0,215.0,220.0,227.0,231.0,230.0,9.1783,8.83,41220.0,12670.0,11311.0,865488.0,865.0,1114875.0,73.6,75.0,1370.0,569812.0,203.4,570.0,1115.0,874.0,14.019,13.49
5,4,747.0,744,748,230,230,75,13.5,60,72.0,215.0,220.0,227.0,231.0,230.0,9.1783,8.83,41230.0,12640.0,11313.0,864116.0,864.0,1113960.0,73.5,75.0,1370.0,573024.0,203.4,573.0,1114.0,874.0,14.019,13.49
6,1,754.0,754,758,230,230,100,13.5,60,73.0,214.0,220.0,227.0,231.0,230.0,9.1268,8.78,40910.0,12730.0,11092.0,828814.0,829.0,1230395.0,95.2,100.1,1060.0,572557.0,203.4,573.0,1230.0,838.0,14.0216,13.49
6,2,755.0,754,758,230,230,100,13.5,60,73.0,215.0,220.0,227.0,230.0,230.0,9.1365,8.79,40900.0,12710.0,11087.0,828814.0,829.0,1229480.0,95.1,100.1,1060.0,569812.0,203.4,570.0,1229.0,838.0,14.0216,13.49
6,3,756.0,754,758,230,230,100,13.5,60,73.0,215.0,220.0,227.0,230.0,230.0,9.1191,8.77,40910.0,12700.0,11085.0,828814.0,829.0,1228097.0,95.2,100.1,1060.0,573482.0,203.4,573.0,1228.0,838.0,14.0216,13.49
6,4,757.0,754,758,230,230,100,13.5,60,73.0,216.0,220.0,227.0,230.0,230.0,9.1191,8.77,40900.0,12640.0,11088.0,829272.0,829.0,1228097.0,95.2,100.1,1060.0,569812.0,203.4,570.0,1228.0,838.0,14.0216,13.49
7,1,768.0,768,772,240,240,50,13.5,60,59.0,223.0,230.0,236.0,241.0,240.0,8.5771,8.25,41840.0,13080.0,11559.0,836153.0,836.0,960841.0,50.5,50.0,2000.0,574854.0,203.4,575.0,961.0,844.0,14.0167,13.49
7,2,769.0,768,772,240,240,50,13.5,60,59.0,223.0,230.0,236.0,241.0,240.0,8.6052,8.28,41840.0,13170.0,11557.0,834324.0,834.0,960384.0,50.5,50.0,2000.0,572557.0,203.4,573.0,960.0,844.0,14.0167,13.49
7,3,770.0,768,772,240,240,50,13.5,60,59.0,224.0,230.0,236.0,241.0,240.0,8.576,8.25,41840.0,13160.0,11555.0,835239.0,835.0,959012.0,50.5,50.0,2000.0,571185.0,203.4,571.0,959.0,842.0,14.0167,13.49
7,4,771.0,768,772,240,240,50,13.5,60,59.0,224.0,230.0,236.0,241.0,240.0,8.5864,8.26,41840.0,13140.0,11556.0,833856.0,834.0,959012.0,50.5,50.0,2000.0,572557.0,203.4,573.0,959.0,842.0,14.0167,13.49
8,1,779.0,779,783,240,240,75,13.5,60,60.0,224.0,230.0,236.0,241.0,240.0,8.5315,8.21,41210.0,13240.0,11215.0,789854.0,790.0,1002099.0,74.0,75.0,1370.0,574397.0,203.4,574.0,1002.0,804.0,14.0194,13.49
8,2,780.0,779,783,240,240,75,13.5,60,60.0,224.0,230.0,236.0,241.0,240.0,8.5412,8.22,41210.0,13200.0,11214.0,791226.0,791.0,1002557.0,73.9,75.0,1370.0,574397.0,203.4,574.0,1003.0,800.0,14.0194,13.49
8,3,781.0,779,783,240,240,75,13.5,60,60.0,225.0,230.0,236.0,241.0,240.0,8.5215,8.2,41210.0,13240.0,11215.0,791226.0,791.0,1003014.0,73.9,75.0,1370.0,574397.0,203.4,574.0,1003.0,800.0,14.0194,13.49
8,4,782.0,779,783,240,240,75,13.5,60,60.0,225.0,230.0,236.0,241.0,240.0,8.5262,8.2,41210.0,13200.0,11215.0,792141.0,792.0,1003014.0,74.0,75.0,1370.0,574854.0,203.6,575.0,1003.0,799.0,14.0193,13.49
9,1,788.0,788,792,240,240,100,13.5,60,60.0,225.0,230.0,236.0,240.0,240.0,8.5208,8.2,40910.0,13150.0,11037.0,764636.0,765.0,1086455.0,95.8,100.1,1060.0,573939.0,203.4,574.0,1086.0,774.0,14.022,13.49
9,2,789.0,788,792,240,240,100,13.5,60,60.0,225.0,230.0,236.0,240.0,240.0,8.5208,8.2,40900.0,13210.0,11033.0,763264.0,763.0,1086455.0,95.8,100.0,1060.0,571642.0,203.4,572.0,1086.0,774.0,14.022,13.49
9,3,790.0,788,792,240,240,100,13.5,60,60.0,225.0,230.0,236.0,240.0,240.0,8.4904,8.17,40900.0,13140.0,11035.0,763721.0,764.0,1085987.0,95.8,100.0,1060.0,572099.0,203.4,572.0,1086.0,771.0,14.022,13.49
9,4,791.0,788,792,240,240,100,13.5,60,60.0,225.0,230.0,236.0,240.0,240.0,8.4861,8.16,40900.0,13210.0,11036.0,762349.0,762.0,1085987.0,95.8,100.1,1060.0,574854.0,203.6,575.0,1086.0,772.0,14.0221,13.49
10,1,801.0,801,805,250,250,50,13.5,60,60.0,233.0,240.0,246.0,251.0,250.0,7.8039,7.51,41840.0,13300.0,11431.0,764636.0,765.0,881538.0,50.9,50.0,2000.0,575311.0,203.4,575.0,882.0,771.0,14.0168,13.49
10,2,802.0,801,805,250,250,50,13.5,60,59.0,233.0,239.0,246.0,251.0,250.0,7.9252,7.62,41830.0,13460.0,11434.0,764636.0,765.0,882453.0,50.8,50.0,2000.0,576226.0,203.6,576.0,882.0,773.0,14.0169,13.49
10,3,803.0,801,805,250,250,50,13.5,60,59.0,233.0,239.0,246.0,251.0,250.0,7.9222,7.62,41830.0,13410.0,11430.0,766476.0,766.0,881995.0,50.8,50.0,2000.0,573482.0,203.4,573.0,882.0,772.0,14.0168,13.49
10,4,804.0,801,805,250,250,50,13.5,60,60.0,233.0,239.0,246.0,251.0,250.0,7.9716,7.67,41830.0,13430.0,11433.0,766018.0,766.0,883367.0,50.8,50.0,2000.0,575769.0,203.4,576.0,883.0,774.0,14.0168,13.49
11,1,813.0,813,817,250,250,75,13.5,60,60.0,234.0,239.0,245.0,250.0,250.0,7.9515,7.65,41210.0,13510.0,11128.0,729802.0,730.0,928752.0,74.4,75.0,1370.0,574854.0,203.4,575.0,929.0,739.0,14.0196,13.49
11,2,814.0,813,817,250,250,75,13.5,60,59.0,234.0,239.0,245.0,250.0,250.0,7.8732,7.57,41200.0,13460.0,11126.0,728887.0,729.0,924625.0,74.4,75.0,1370.0,573024.0,203.4,573.0,925.0,736.0,14.0196,13.49
11,3,815.0,813,817,250,250,75,13.5,60,59.0,234.0,239.0,245.0,250.0,250.0,7.9043,7.6,41210.0,13530.0,11126.0,730259.0,730.0,924625.0,74.4,75.0,1370.0,573024.0,203.4,573.0,925.0,739.0,14.0196,13.49
11,4,816.0,813,817,250,250,75,13.5,60,59.0,234.0,240.0,245.0,250.0,250.0,7.8777,7.58,41200.0,13510.0,11125.0,728419.0,728.0,925540.0,74.4,75.0,1370.0,576226.0,203.6,576.0,926.0,736.0,14.0197,13.49
12,1,825.0,825,829,250,250,100,13.5,60,60.0,235.0,240.0,245.0,250.0,250.0,7.9162,7.62,40900.0,13450.0,10965.0,706881.0,707.0,972765.0,96.3,100.0,1060.0,575311.0,203.4,575.0,973.0,716.0,14.0224,13.49
12,2,826.0,825,829,250,250,100,13.5,60,60.0,235.0,240.0,245.0,250.0,250.0,7.9027,7.6,40890.0,13510.0,10966.0,707338.0,707.0,976434.0,96.3,100.0,1060.0,575769.0,203.4,576.0,976.0,715.0,14.0224,13.49
12,3,827.0,825,829,250,250,100,13.5,60,60.0,235.0,240.0,245.0,250.0,250.0,7.859,7.56,40890.0,13530.0,10962.0,705498.0,705.0,976434.0,96.2,100.0,1060.0,573024.0,203.4,573.0,976.0,715.0,14.0225,13.49
12,4,828.0,825,829,250,250,100,13.5,60,60.0,235.0,240.0,245.0,250.0,250.0,7.8708,7.57,40890.0,13580.0,10965.0,708253.0,708.0,971850.0,96.3,100.0,1060.0,575769.0,203.4,576.0,972.0,717.0,14.0225,13.49
13,1,841.0,841,845,260,260,50,13.5,60,60.0,243.0,250.0,256.0,261.0,260.0,7.2837,7.01,41570.0,13830.0,11330.0,699542.0,700.0,810020.0,51.1,50.0,2000.0,573939.0,203.6,574.0,810.0,706.0,14.017,13.49
13,2,842.0,841,845,260,260,50,13.5,60,60.0,243.0,250.0,256.0,261.0,260.0,7.2586,6.98,41570.0,13810.0,11327.0,699085.0,699.0,808648.0,51.1,50.0,2000.0,573939.0,203.4,574.0,809.0,705.0,14.017,13.49
13,3,843.0,841,845,260,260,50,13.5,60,60.0,243.0,250.0,255.0,261.0,260.0,7.2413,6.97,41570.0,13930.0,11327.0,699085.0,699.0,809106.0,51.1,50.0,2000.0,573939.0,203.4,574.0,809.0,705.0,14.017,13.49
13,4,844.0,841,845,260,260,50,13.5,60,60.0,244.0,250.0,255.0,261.0,260.0,7.2182,6.94,41570.0,13950.0,11329.0,698627.0,699.0,809106.0,51.1,50.0,2000.0,573482.0,203.4,573.0,809.0,705.0,14.017,13.49
14,1,853.0,853,857,260,260,75,13.5,60,60.0,244.0,250.0,255.0,261.0,260.0,7.1847,6.91,40940.0,13910.0,11060.0,670207.0,670.0,854948.0,74.9,75.0,1370.0,573939.0,203.4,574.0,855.0,676.0,14.0199,13.49
14,2,854.0,853,857,260,260,75,13.5,60,60.0,245.0,250.0,255.0,260.0,260.0,7.2259,6.95,40940.0,13940.0,11058.0,670207.0,670.0,851278.0,74.8,75.0,1370.0,573939.0,203.6,574.0,851.0,677.0,14.02,13.49
14,3,855.0,853,857,260,260,75,13.5,60,60.0,245.0,250.0,255.0,260.0,260.0,7.2259,6.95,40940.0,13880.0,11057.0,670207.0,670.0,851278.0,74.9,75.0,1370.0,577141.0,203.4,577.0,851.0,677.0,14.02,13.49
14,4,856.0,853,857,260,260,75,13.5,60,60.0,245.0,250.0,255.0,260.0,260.0,7.2487,6.97,40940.0,13840.0,11059.0,671122.0,671.0,851278.0,74.8,75.0,1370.0,573482.0,203.4,573.0,851.0,678.0,14.0199,13.49
15,1,861.0,861,865,260,260,100,13.5,60,60.0,245.0,250.0,255.0,260.0,260.0,7.2122,6.94,40630.0,13830.0,10915.0,656455.0,656.0,888409.0,96.9,100.0,1060.0,576683.0,203.4,577.0,888.0,663.0,14.0228,13.49
15,2,862.0,861,865,260,260,100,13.5,60,60.0,244.0,250.0,255.0,260.0,260.0,7.2122,6.94,40630.0,13870.0,10917.0,657827.0,658.0,888409.0,96.7,100.0,1060.0,576226.0,203.4,576.0,888.0,663.0,14.0228,13.49
15,3,863.0,861,865,260,260,100,13.5,60,60.0,245.0,250.0,255.0,260.0,260.0,7.2055,6.93,40630.0,13820.0,10916.0,655072.0,655.0,887952.0,96.9,100.0,1060.0,573482.0,203.4,573.0,888.0,662.0,14.0228,13.49
15,4,864.0,861,865,260,260,100,13.5,60,60.0,245.0,250.0,255.0,260.0,260.0,7.2055,6.93,40630.0,13870.0,10914.0,655540.0,656.0,887952.0,96.9,100.0,1060.0,576226.0,203.4,576.0,888.0,662.0,14.0228,13.49
16,1,893.0,893,897,260,260,75,13.5,60,59.0,244.0,249.0,255.0,260.0,260.0,6.3338,6.09,41200.0,13010.0,10522.0,655540.0,656.0,844864.0,75.4,75.0,1370.0,576683.0,203.4,577.0,845.0,663.0,14.0199,13.49
16,2,894.0,893,897,260,260,75,13.5,60,59.0,244.0,250.0,255.0,260.0,260.0,6.3629,6.12,40950.0,12990.0,10524.0,657370.0,657.0,848076.0,75.4,75.0,1370.0,576226.0,203.4,576.0,848.0,665.0,14.0199,13.49
16,3,895.0,893,897,260,260,75,13.5,60,60.0,244.0,250.0,255.0,260.0,260.0,6.3629,6.12,41200.0,12890.0,10523.0,656912.0,657.0,848076.0,75.5,75.0,1370.0,576683.0,203.6,577.0,848.0,665.0,14.0199,13.49
16,4,896.0,893,897,260,260,75,13.5,60,60.0,244.0,250.0,255.0,260.0,260.0,6.2851,6.05,41200.0,12950.0,10524.0,655997.0,656.0,847151.0,75.4,75.0,1370.0,574397.0,203.4,574.0,847.0,663.0,14.0199,13.49
17,1,910.0,910,914,260,260,75,13.5,60,60.0,245.0,250.0,255.0,260.0,260.0,7.2577,6.98,41190.0,8940.0,10795.0,671122.0,671.0,852661.0,74.8,75.0,1370.0,573939.0,302.4,574.0,853.0,678.0,14.02,13.49
17,2,911.0,910,914,260,260,75,13.5,60,60.0,245.0,250.0,255.0,260.0,260.0,7.2619,6.99,41200.0,8960.0,10797.0,670665.0,671.0,853575.0,74.8,75.0,1370.0,576226.0,302.4,576.0,854.0,678.0,14.02,13.49
17,3,912.0,910,914,260,260,75,13.5,60,60.0,245.0,250.0,255.0,260.0,260.0,7.2277,6.95,41250.0,8980.0,10796.0,670665.0,671.0,852193.0,74.8,75.0,1370.0,576226.0,302.4,576.0,852.0,677.0,14.02,13.49
17,4,913.0,910,914,260,260,75,13.5,60,60.0,245.0,250.0,255.0,260.0,260.0,7.2217,6.95,41200.0,8990.0,10793.0,670207.0,670.0,851735.0,74.8,75.0,1370.0,577141.0,302.4,577.0,852.0,677.0,14.02,13.49
